INSERT INTO public.d_workshop (id,thirdpart_id,"name",name_en,country,province,city,district,address,brand,workshop_group,tag,latitude,longitude,contact_name,contact_way,state,last_login_time,created_at,updated_at) VALUES
	 ('DSA2113',NULL,'LXI_TEST',NULL,'CN',NULL,NULL,NULL,NULL,NULL,'Default',NULL,NULL,NULL,NULL,NULL,1,NULL,'2022-12-07 11:19:52.733','2022-12-16 22:14:00.064'),
	 ('DSA8080',NULL,'HAJ_TEST',NULL,'USA',NULL,NULL,NULL,NULL,NULL,'Default',NULL,NULL,NULL,NULL,NULL,1,'2022-06-06 18:42:33.228','2022-12-07 11:19:52.717','2022-12-16 22:14:00.055'),
	 ('DSA9090',NULL,'XIAOPENG_YUJI_TEST',NULL,'USA',NULL,NULL,NULL,NULL,NULL,'Default',NULL,NULL,NULL,NULL,NULL,1,'2022-11-17 15:50:31.782','2022-12-07 11:19:52.715','2022-12-16 22:14:00.053'),
	 ('Inceptio_MAN',NULL,'Inceptio_MAN',NULL,'CN',NULL,NULL,NULL,NULL,NULL,'INCEPTIO',NULL,NULL,NULL,NULL,NULL,1,'2022-07-14 18:48:11.022','2022-12-07 11:19:52.738','2022-12-16 22:14:00.067'),
	 ('DSA9999',NULL,'XIAOPENG TEST',NULL,'USA',NULL,NULL,NULL,NULL,NULL,'Default',NULL,NULL,NULL,NULL,NULL,1,'2022-09-20 09:28:52.74','2022-12-07 11:19:52.694','2022-12-16 22:14:00.045'),
	 ('DSA0002',NULL,'DSA Sistemas',NULL,'Mexico',NULL,NULL,NULL,'3 Poniente 1121, San Pedro Cholula, Puebla, Mexico, C.P.: 72762',NULL,NULL,NULL,NULL,NULL,NULL,NULL,1,NULL,'2022-12-07 11:19:52.651','2022-12-16 22:14:00.032'),
	 ('DSA0003',NULL,'DSA Systems Italia',NULL,'ITALIA',NULL,NULL,NULL,'Via Vincenzo Bonis, 24, 10040 Leinì (TO), ITALIA',NULL,NULL,NULL,NULL,NULL,NULL,NULL,1,NULL,'2022-12-07 11:19:52.658','2022-12-16 22:14:00.034'),
	 ('UINOTshow',NULL,'UINOTshow',NULL,'USA',NULL,NULL,NULL,NULL,NULL,NULL,NULL,NULL,NULL,NULL,NULL,1,NULL,'2022-12-07 11:19:52.665','2022-12-16 22:14:00.036'),
	 ('DSA0000',NULL,'DSA GmbH, Aachen',NULL,'USA',NULL,NULL,NULL,'Pascalstr 28',NULL,NULL,NULL,NULL,NULL,NULL,NULL,1,NULL,'2022-12-16 13:55:00.051','2022-12-16 22:14:00.038'),
	 ('101099',NULL,'testGroup',NULL,'USA',NULL,NULL,NULL,NULL,NULL,'geely',NULL,NULL,NULL,NULL,NULL,1,NULL,'2022-12-07 11:19:52.686','2022-12-16 22:14:00.041');
INSERT INTO public.d_workshop (id,thirdpart_id,"name",name_en,country,province,city,district,address,brand,workshop_group,tag,latitude,longitude,contact_name,contact_way,state,last_login_time,created_at,updated_at) VALUES
	 ('DSA0001',NULL,'DSA China Electronic Technology Co. Ltd.',NULL,'CN',NULL,NULL,NULL,'No333, YiShan Road, 200030 Shanghai, People''s Republic of China',NULL,NULL,NULL,NULL,NULL,NULL,NULL,1,NULL,'2022-12-07 11:19:52.69','2022-12-16 22:14:00.043'),
	 ('DSA123456',NULL,'wdy_test',NULL,'CN',NULL,NULL,NULL,NULL,NULL,NULL,NULL,134.56000000,2389.00000000,NULL,NULL,1,NULL,'2022-12-07 11:19:52.706','2022-12-16 22:14:00.048'),
	 ('SH001',NULL,'ShangHai001',NULL,'CN',NULL,NULL,NULL,NULL,NULL,'Shanghai',NULL,NULL,NULL,NULL,NULL,1,NULL,'2022-12-07 11:19:52.71','2022-12-16 22:14:00.05'),
	 ('SAIC_DT',NULL,'SAIC_DT',NULL,'USA',NULL,NULL,NULL,NULL,NULL,'Default',NULL,NULL,NULL,NULL,NULL,1,NULL,'2022-12-07 11:19:52.712','2022-12-16 22:14:00.051'),
	 ('001',NULL,'DSA GmbH, Aachen',NULL,'Germany',NULL,NULL,NULL,'Pascalstr 28',NULL,NULL,NULL,NULL,NULL,NULL,NULL,1,'2022-12-12 10:02:44.978','2022-12-07 11:19:52.67','2022-12-07 18:43:59.173'),
	 ('TEST001',NULL,'pshareTEST001',NULL,'USA',NULL,NULL,NULL,NULL,NULL,'PshareTest',NULL,11.00000000,122.00000000,NULL,NULL,1,'2022-12-07 13:15:10.302','2022-12-07 11:19:52.742','2022-12-16 22:14:00.069'),
	 ('DSA8888',NULL,'DSA American',NULL,'USA',NULL,NULL,NULL,'No333, YiShan Road, 200030 Shanghai, People''s Republic of China',NULL,'Test',NULL,NULL,NULL,NULL,NULL,1,NULL,'2022-12-07 11:19:52.702','2022-12-16 22:14:00.047'),
	 ('WS01',NULL,'TESTworkshop',NULL,'Germany',NULL,NULL,NULL,'',NULL,'Test','',11.00000000,22.00000000,NULL,NULL,1,'2022-12-15 13:54:48.036','2022-12-07 11:19:52.75','2022-12-07 18:43:59.249'),
	 ('10001',NULL,'10001',NULL,'CN',NULL,NULL,NULL,'',NULL,NULL,NULL,NULL,NULL,NULL,NULL,1,NULL,'2022-12-16 13:55:00.117','2022-12-16 22:14:00.076'),
	 ('SuperJenior',NULL,'SuperJenior workshop',NULL,'CN',NULL,NULL,NULL,'',NULL,NULL,NULL,NULL,NULL,NULL,NULL,1,'2022-10-11 16:58:13.409','2022-12-07 11:19:52.752','2022-12-07 18:43:59.252');
INSERT INTO public.d_workshop (id,thirdpart_id,"name",name_en,country,province,city,district,address,brand,workshop_group,tag,latitude,longitude,contact_name,contact_way,state,last_login_time,created_at,updated_at) VALUES
	 ('SAIC_NO.',NULL,'SAIC_NO.',NULL,'CN',NULL,NULL,NULL,'',NULL,'SAIC_engineering',NULL,NULL,NULL,NULL,NULL,1,'2022-06-22 09:33:21.867','2022-12-07 11:19:52.735','2022-12-16 22:14:00.065'),
	 ('test',NULL,'TEST01',NULL,'CN',NULL,NULL,NULL,'',NULL,'SAIC_engineering','',11.00000000,22.00000000,NULL,NULL,1,NULL,'2022-12-07 11:19:52.745','2022-12-16 22:14:00.071'),
	 ('test02',NULL,'White-box testing',NULL,'CN',NULL,NULL,NULL,'',NULL,'Test','',11.00000000,22.00000000,NULL,NULL,1,NULL,'2022-12-16 13:55:00.114','2022-12-16 22:14:00.074'),
	 ('test01',NULL,'Black-box Testing',NULL,'CN',NULL,NULL,NULL,'',NULL,'Test','',22.00000000,3.00000000,NULL,NULL,1,'2022-07-11 16:13:44.147','2022-12-07 11:19:52.748','2022-12-16 22:14:00.073');

INSERT INTO public.d_workshop_group (id,"name",description,created_at,updated_at,parent_id) VALUES
	 (2,'Shanghai','Workshop in Shanghai','2022-12-07 11:19:52.765','2022-12-16 22:14:00.082',0),
	 (3,'INCEPTIO','INCEPTIO Engeering','2022-12-07 11:19:52.777','2022-12-16 22:14:00.085',0),
	 (6,'geely','geely Group','2022-12-07 11:19:52.779','2022-12-07 18:43:59.272',0),
	 (7,'Default','Default Group','2022-12-07 11:19:52.779','2022-12-07 18:43:59.272',0),
	 (4,'Test','Test','2022-12-07 11:19:52.779','2022-12-16 22:14:00.087',0),
	 (5,'PshareTest','PshareTest Group','2022-12-07 11:19:52.779','2022-12-07 18:43:59.272',0);

INSERT INTO public.d_workshop_user (id,thirdpart_id,username,workshop_id,real_name,email,mobile,"password",last_login_time,last_login_ip,created_at,updated_at,address,max_license_number,save_license_id_as_bytes,telephone,b_limit_license_number,license_expire_duration,group_ref,license_id,license_hex_id,active) VALUES
	 (2,NULL,'tn','DSA0000','Thorsten Nawe','tn@dsa.de',NULL,NULL,NULL,NULL,'2022-12-07 11:19:52.823','2022-12-16 22:14:00.105',NULL,NULL,NULL,'755',NULL,NULL,NULL,NULL,NULL,true),
	 (4,NULL,'nja',NULL,'Nico Jansen','',NULL,NULL,NULL,NULL,'2022-12-07 11:19:52.846','2022-12-16 22:14:00.122',NULL,NULL,NULL,NULL,NULL,NULL,NULL,NULL,NULL,true),
	 (5,NULL,'hh',NULL,'Hans Hemelsoet','Hans.Hemelsoet@dsa.de',NULL,NULL,NULL,NULL,'2022-12-07 11:19:52.849','2022-12-16 22:14:00.124','-',NULL,NULL,'-',NULL,NULL,NULL,NULL,NULL,true),
	 (6,NULL,'lz',NULL,'Sven Lüttwitz','sven.luettwitz@dsa.de',NULL,NULL,NULL,NULL,'2022-12-07 11:19:52.853','2022-12-16 22:14:00.128',NULL,NULL,NULL,'0 172 24419-83',NULL,NULL,NULL,NULL,NULL,true),
	 (7,NULL,'s75',NULL,'Gaetan Dzali','gaetan.dzali@dsa.de',NULL,NULL,NULL,NULL,'2022-12-07 11:19:52.857','2022-12-16 22:14:00.131',NULL,NULL,NULL,NULL,NULL,NULL,NULL,NULL,NULL,true),
	 (8,NULL,'sst','DSA0000','sst','sst@dsa.de',NULL,NULL,NULL,NULL,'2022-12-07 11:19:52.862','2022-12-16 22:14:00.137',NULL,NULL,NULL,NULL,NULL,NULL,NULL,NULL,NULL,true),
	 (9,NULL,'dk','DSA0000','Denis Fournell','dk@dsa.de',NULL,NULL,NULL,NULL,'2022-12-07 11:19:52.88','2022-12-16 22:14:00.153','Pascalstr. 67',NULL,NULL,'742',NULL,NULL,NULL,NULL,NULL,true),
	 (10,NULL,'om',NULL,'Mario Ortegón','mario.ortegon@dsa.de',NULL,NULL,NULL,NULL,'2022-12-07 11:19:52.905','2022-12-16 22:14:00.165',NULL,NULL,NULL,'+49 2408 9492 751',NULL,NULL,NULL,NULL,NULL,true),
	 (11,NULL,'fs',NULL,'Frank Meiners','frank.meiners@dsa.de',NULL,NULL,NULL,NULL,'2022-12-07 11:19:52.914','2022-12-16 22:14:00.173',NULL,NULL,NULL,NULL,NULL,NULL,NULL,NULL,NULL,true),
	 (12,'228','whn','TEST001',NULL,'',NULL,NULL,'2022-12-07 13:15:10.302',NULL,'2022-06-22 00:45:02.139','2022-12-16 22:14:00.355',NULL,NULL,NULL,NULL,NULL,NULL,NULL,NULL,NULL,true);
INSERT INTO public.d_workshop_user (id,thirdpart_id,username,workshop_id,real_name,email,mobile,"password",last_login_time,last_login_ip,created_at,updated_at,address,max_license_number,save_license_id_as_bytes,telephone,b_limit_license_number,license_expire_duration,group_ref,license_id,license_hex_id,active) VALUES
	 (13,NULL,'dm',NULL,'Darnei Machado','darnei.machado@dsa.de',NULL,NULL,NULL,NULL,'2022-12-07 11:19:52.918','2022-12-16 22:14:00.176',NULL,NULL,NULL,NULL,NULL,NULL,NULL,NULL,NULL,true),
	 (14,NULL,'mj',NULL,NULL,'',NULL,NULL,NULL,NULL,'2022-12-07 11:19:52.941','2022-12-16 22:14:00.191',NULL,NULL,NULL,NULL,NULL,NULL,NULL,NULL,NULL,true),
	 (15,NULL,'s64',NULL,'Webster Ndlovu',NULL,NULL,NULL,NULL,NULL,'2022-12-07 11:19:52.944','2022-12-16 22:14:00.192',NULL,NULL,NULL,'+27 41 390 8917',NULL,NULL,NULL,NULL,NULL,true),
	 (16,NULL,'wem',NULL,NULL,NULL,NULL,NULL,NULL,NULL,'2022-12-07 11:19:52.956','2022-12-16 22:14:00.202','my address',NULL,NULL,NULL,NULL,NULL,NULL,NULL,NULL,true),
	 (17,NULL,'eu',NULL,'Erik','',NULL,NULL,NULL,NULL,'2022-12-07 11:19:52.959','2022-12-16 22:14:00.203',NULL,NULL,NULL,'123456677765',NULL,NULL,NULL,NULL,NULL,true),
	 (18,NULL,'jsl',NULL,'Johanna Sachtleben','johanna.sachtleben@dsa.de',NULL,NULL,NULL,NULL,'2022-12-07 11:19:52.962','2022-12-16 22:14:00.205',NULL,NULL,NULL,NULL,NULL,NULL,NULL,NULL,NULL,true),
	 (19,NULL,'sc',NULL,'Werner Schulte','werner.schulte@dsa.de',NULL,NULL,NULL,NULL,'2022-12-07 11:19:52.965','2022-12-16 22:14:00.208',NULL,NULL,NULL,NULL,NULL,NULL,NULL,NULL,NULL,true),
	 (20,NULL,'he',NULL,'Helmut Aretz','helmut.aretz@dsasystems.com',NULL,NULL,NULL,NULL,'2022-12-07 11:19:52.968','2022-12-16 22:14:00.21',NULL,NULL,NULL,NULL,NULL,NULL,NULL,NULL,NULL,true),
	 (21,NULL,'mmu',NULL,'Markus Müller',NULL,NULL,NULL,NULL,NULL,'2022-12-07 11:19:52.969','2022-12-16 22:14:00.212',NULL,NULL,NULL,'2408 9491 - 0',NULL,NULL,NULL,NULL,NULL,true),
	 (22,NULL,'si',NULL,'Simon Becker','simon.becker@dsa.de',NULL,NULL,NULL,NULL,'2022-12-07 11:19:52.972','2022-12-16 22:14:00.214',NULL,NULL,NULL,NULL,NULL,NULL,NULL,NULL,NULL,true);
INSERT INTO public.d_workshop_user (id,thirdpart_id,username,workshop_id,real_name,email,mobile,"password",last_login_time,last_login_ip,created_at,updated_at,address,max_license_number,save_license_id_as_bytes,telephone,b_limit_license_number,license_expire_duration,group_ref,license_id,license_hex_id,active) VALUES
	 (23,NULL,'jb',NULL,NULL,'',NULL,NULL,NULL,NULL,'2022-12-07 11:19:52.978','2022-12-16 22:14:00.219',NULL,NULL,NULL,NULL,NULL,NULL,NULL,NULL,NULL,true),
	 (24,NULL,'le',NULL,'Ada Lezama','ada.lezama@dsa.de',NULL,NULL,NULL,NULL,'2022-12-07 11:19:52.98','2022-12-16 22:14:00.221',NULL,NULL,NULL,NULL,NULL,NULL,NULL,NULL,NULL,true),
	 (25,NULL,'ng',NULL,'Neivaldo Cacador','neivaldo.cacador@dsa.de',NULL,NULL,NULL,NULL,'2022-12-07 11:19:52.986','2022-12-16 22:14:00.227',NULL,NULL,NULL,NULL,NULL,NULL,NULL,NULL,NULL,true),
	 (26,NULL,'rkirklin',NULL,'Rodney Kirklin','Rodney.Kirklin@ff.com',NULL,NULL,NULL,NULL,'2022-12-07 11:19:52.988','2022-12-16 22:14:00.23',NULL,NULL,NULL,NULL,NULL,NULL,NULL,NULL,NULL,true),
	 (29,NULL,'hr',NULL,'Ralph Habermann','ralph.habermann@dsa.de',NULL,NULL,NULL,NULL,'2022-12-07 11:19:52.813','2022-12-16 22:14:00.101',NULL,NULL,NULL,NULL,NULL,NULL,NULL,NULL,NULL,true),
	 (30,NULL,'s53',NULL,'Ntombenkosi Maldaki','ntombi.maldaki@dsa.de',NULL,NULL,NULL,NULL,'2022-12-07 11:19:52.839','2022-12-16 22:14:00.117',NULL,NULL,NULL,'+27 41 390 8918',NULL,NULL,NULL,NULL,NULL,true),
	 (31,NULL,'mc',NULL,'Armand Milescu','armand.milescu@dsa.de',NULL,NULL,NULL,NULL,'2022-12-07 11:19:52.876','2022-12-16 22:14:00.151',NULL,NULL,NULL,'+49 24089492712',NULL,NULL,NULL,NULL,NULL,true),
	 (32,NULL,'su',NULL,'Oliver Schuster',NULL,NULL,NULL,NULL,NULL,'2022-12-07 11:19:52.921','2022-12-16 22:14:00.179',NULL,NULL,NULL,NULL,NULL,NULL,NULL,NULL,NULL,true),
	 (33,NULL,'vb',NULL,'Verena Baumhöfer',NULL,NULL,NULL,NULL,NULL,'2022-12-07 11:19:52.925','2022-12-16 22:14:00.181',NULL,NULL,NULL,NULL,NULL,NULL,NULL,NULL,NULL,true),
	 (34,NULL,'mi',NULL,'Mario Haase',NULL,NULL,NULL,NULL,NULL,'2022-12-07 11:19:52.93','2022-12-16 22:14:00.185',NULL,NULL,NULL,'+49 2408 9492 729',NULL,NULL,NULL,NULL,NULL,false);
INSERT INTO public.d_workshop_user (id,thirdpart_id,username,workshop_id,real_name,email,mobile,"password",last_login_time,last_login_ip,created_at,updated_at,address,max_license_number,save_license_id_as_bytes,telephone,b_limit_license_number,license_expire_duration,group_ref,license_id,license_hex_id,active) VALUES
	 (35,NULL,'dr',NULL,'Daniel Reichlmeier','daniel.reichlmeier@dsa.de',NULL,NULL,NULL,NULL,'2022-12-07 11:19:52.939','2022-12-16 22:14:00.189',NULL,NULL,NULL,NULL,NULL,NULL,NULL,NULL,NULL,true),
	 (36,NULL,'liuying',NULL,'Liu Ying',NULL,NULL,NULL,NULL,NULL,'2022-12-07 11:19:52.982','2022-12-16 22:14:00.224','Room1101-03,HuiXin international Tower,No.333,YiShan Road,Shanghai,China',NULL,NULL,'0086-(0)21-54248436-110',NULL,NULL,NULL,NULL,NULL,true),
	 (37,NULL,'we',NULL,'Michael Wells','michael.wells@dsa.de',NULL,NULL,NULL,NULL,'2022-12-07 11:19:52.991','2022-12-16 22:14:00.233',NULL,NULL,NULL,NULL,NULL,NULL,NULL,NULL,NULL,true),
	 (38,'7','zji','DSA0001','zhangjie','zhangjie@dsa.com.cn',NULL,NULL,NULL,NULL,'2019-03-15 19:00:13.833','2022-12-16 22:14:00.239',NULL,NULL,NULL,NULL,NULL,NULL,NULL,NULL,NULL,false),
	 (39,'8','xpe','DSA9999','xpe','',NULL,NULL,NULL,NULL,'2019-03-20 02:15:02.744','2022-12-16 22:14:00.242',NULL,NULL,NULL,NULL,NULL,NULL,NULL,NULL,NULL,true),
	 (40,'3','dsatest','DSA0002','Testing','',NULL,NULL,NULL,NULL,'2019-01-21 02:23:14.89','2022-12-16 22:14:00.244',NULL,NULL,NULL,NULL,NULL,NULL,NULL,NULL,NULL,true),
	 (41,'15','GAC2','DSA8888',NULL,'',NULL,NULL,NULL,NULL,'2019-04-10 02:07:40.41','2022-12-16 22:14:00.247',NULL,NULL,NULL,NULL,NULL,NULL,NULL,NULL,NULL,true),
	 (42,'16','GAC3','DSA8888',NULL,'',NULL,NULL,NULL,NULL,'2019-04-15 19:01:12.395','2022-12-16 22:14:00.251',NULL,NULL,NULL,NULL,NULL,NULL,NULL,NULL,NULL,true),
	 (43,'17','Test_User',NULL,NULL,'111223344@qq.com',NULL,NULL,NULL,NULL,'2019-05-17 22:30:46.552','2022-12-16 22:14:00.255',NULL,NULL,NULL,NULL,NULL,NULL,NULL,NULL,NULL,false),
	 (44,'11','DSA_USA1','DSA123456',NULL,'',NULL,NULL,NULL,NULL,'2019-04-02 19:29:13.604','2022-12-16 22:14:00.257',NULL,NULL,NULL,NULL,NULL,NULL,NULL,NULL,NULL,true);
INSERT INTO public.d_workshop_user (id,thirdpart_id,username,workshop_id,real_name,email,mobile,"password",last_login_time,last_login_ip,created_at,updated_at,address,max_license_number,save_license_id_as_bytes,telephone,b_limit_license_number,license_expire_duration,group_ref,license_id,license_hex_id,active) VALUES
	 (48,'229','lkm','SAIC_NO.',NULL,'',NULL,NULL,'2022-06-29 15:24:18.453',NULL,'2022-06-27 23:42:09.9','2022-12-16 22:14:00.362',NULL,NULL,NULL,NULL,NULL,NULL,NULL,NULL,NULL,true),
	 (49,'226','D0087638','001',NULL,'',NULL,NULL,'2022-06-26 09:28:10.573',NULL,'2022-05-17 23:01:03.917','2022-12-07 18:43:59.591',NULL,NULL,NULL,NULL,NULL,NULL,NULL,NULL,NULL,true),
	 (51,'4','xptest','DSA9999','xptest','',NULL,NULL,'2022-09-20 09:28:52.74',NULL,'2019-01-30 19:11:11.475','2022-12-16 22:14:00.288',NULL,NULL,NULL,NULL,NULL,NULL,NULL,NULL,NULL,true),
	 (53,'227','testPshare1','test',NULL,'',NULL,NULL,NULL,NULL,'2022-06-02 19:33:59.512','2022-12-16 22:14:00.344',NULL,NULL,NULL,NULL,NULL,NULL,NULL,NULL,NULL,true),
	 (57,'14','GAC1','DSA123456',NULL,'',NULL,NULL,NULL,NULL,'2019-04-09 18:13:21.662','2022-12-16 22:14:00.26',NULL,NULL,NULL,NULL,NULL,NULL,NULL,NULL,NULL,true),
	 (58,'18','ds','DSA123456','David Scheuren','david.scheuren@dsa.de',NULL,NULL,NULL,NULL,'2022-12-07 11:19:53.03','2022-12-16 22:14:00.264',NULL,NULL,NULL,NULL,NULL,NULL,NULL,NULL,NULL,true),
	 (59,'20','HuangPu','SH001','HuangPuWorkshop','HuangPuWorkshop@Aiways.com.cn',NULL,NULL,NULL,NULL,'2019-10-17 19:08:23.395','2022-12-16 22:14:00.266',NULL,NULL,NULL,NULL,NULL,NULL,NULL,NULL,NULL,false),
	 (60,'21','lzq','DSA9999',NULL,'',NULL,NULL,NULL,NULL,'2019-10-18 22:59:41.085','2022-12-16 22:14:00.27',NULL,NULL,NULL,NULL,NULL,NULL,NULL,NULL,NULL,true),
	 (61,'22','sdm','DSA123456',NULL,'',NULL,NULL,NULL,NULL,'2019-10-30 19:20:10.73','2022-12-16 22:14:00.275',NULL,NULL,NULL,NULL,NULL,NULL,NULL,NULL,NULL,true),
	 (62,'23','gji',NULL,NULL,'gji@dsa.com.cn',NULL,NULL,NULL,NULL,'2019-11-08 01:27:11.266','2022-12-16 22:14:00.278',NULL,NULL,NULL,NULL,NULL,NULL,NULL,NULL,NULL,true);
INSERT INTO public.d_workshop_user (id,thirdpart_id,username,workshop_id,real_name,email,mobile,"password",last_login_time,last_login_ip,created_at,updated_at,address,max_license_number,save_license_id_as_bytes,telephone,b_limit_license_number,license_expire_duration,group_ref,license_id,license_hex_id,active) VALUES
	 (63,'216','PJHKX','SAIC_NO.',NULL,'',NULL,NULL,'2022-06-22 09:33:21.867',NULL,'2021-04-12 18:54:31.356','2022-12-16 22:14:00.34',NULL,NULL,NULL,NULL,NULL,NULL,NULL,NULL,NULL,true),
	 (65,'220','lip','Inceptio_MAN',NULL,'',NULL,NULL,'2022-07-14 18:48:11.022',NULL,'2021-11-03 21:29:34.428','2022-12-16 22:14:00.322',NULL,NULL,NULL,NULL,NULL,NULL,NULL,NULL,NULL,true),
	 (66,'219','DF401','Inceptio_MAN','DF401','',NULL,NULL,'2022-01-11 12:10:20.743',NULL,'2021-11-02 01:22:13.082','2022-12-16 22:14:00.338',NULL,NULL,NULL,NULL,NULL,NULL,NULL,NULL,NULL,true),
	 (67,'225','csh','001',NULL,'',NULL,NULL,'2022-12-12 10:02:44.978',NULL,'2022-01-10 18:14:24.249','2022-12-16 22:14:00.336',NULL,NULL,NULL,NULL,NULL,NULL,NULL,NULL,NULL,true),
	 (68,'204','wzy1','101911','wenziyan00000','wzy@dsa.com.cn',NULL,NULL,NULL,NULL,'2020-07-16 21:19:36.799','2022-12-16 22:14:00.281','Shanghai Yishan Road',NULL,NULL,NULL,NULL,NULL,NULL,NULL,NULL,true),
	 (69,'19','wdy1','DSA0002',NULL,'',NULL,NULL,NULL,NULL,'2019-10-14 18:16:04.074','2022-12-16 22:14:00.283',NULL,NULL,NULL,NULL,NULL,NULL,NULL,NULL,NULL,true),
	 (70,'24','lxj','DSA9090',NULL,'lxj@dsa.com.cn',NULL,NULL,NULL,NULL,'2020-05-18 21:22:53.011','2022-12-16 22:14:00.285',NULL,NULL,NULL,NULL,NULL,NULL,NULL,NULL,NULL,true),
	 (71,'206','xqq','101099',NULL,'xqq@dsa.com.cn',NULL,NULL,NULL,NULL,'2020-12-10 02:19:40.558','2022-12-16 22:14:00.286',NULL,NULL,NULL,NULL,NULL,NULL,NULL,NULL,NULL,true),
	 (73,NULL,'we2',NULL,'Michael Wells','michael.wells@dsasystems.com',NULL,NULL,NULL,NULL,'2022-12-07 11:19:53.064','2022-12-16 22:14:00.289',NULL,NULL,NULL,NULL,NULL,NULL,NULL,NULL,NULL,false),
	 (79,'1','dsa','DSA0001',NULL,'',NULL,NULL,NULL,NULL,'2017-12-13 05:16:28.895','2022-12-16 22:14:00.302',NULL,NULL,NULL,NULL,NULL,NULL,NULL,NULL,NULL,true);
INSERT INTO public.d_workshop_user (id,thirdpart_id,username,workshop_id,real_name,email,mobile,"password",last_login_time,last_login_ip,created_at,updated_at,address,max_license_number,save_license_id_as_bytes,telephone,b_limit_license_number,license_expire_duration,group_ref,license_id,license_hex_id,active) VALUES
	 (80,'207','SAIC','SAIC_DT','SAIC','',NULL,NULL,NULL,NULL,'2021-01-07 19:22:07.358','2022-12-16 22:14:00.305',NULL,NULL,NULL,NULL,NULL,NULL,NULL,NULL,NULL,true),
	 (81,NULL,'cb','DSA0000','Christian Beisicht','christian.beisicht@dsa.de',NULL,NULL,NULL,NULL,'2022-12-07 11:19:53.08','2022-12-16 22:14:00.307','Aachen2',NULL,NULL,'+49 2408 9492 666',NULL,NULL,NULL,NULL,NULL,false),
	 (82,'6','wzy','DSA9090',NULL,'',NULL,NULL,NULL,NULL,'2019-01-31 20:19:34.379','2022-12-16 22:14:00.311',NULL,NULL,NULL,NULL,NULL,NULL,NULL,NULL,NULL,true),
	 (28,'19','wdy','SuperJenior',NULL,'',NULL,NULL,NULL,NULL,'2019-10-14 18:16:04.074','2022-12-07 18:43:59.53',NULL,NULL,NULL,NULL,NULL,NULL,NULL,NULL,NULL,true),
	 (54,NULL,'lipan','10001','lipan','',NULL,NULL,NULL,NULL,'2022-06-17 00:14:24.994','2022-12-16 22:14:00.346',NULL,NULL,NULL,'13012345678',NULL,NULL,NULL,NULL,NULL,false),
	 (83,'218','ldm','SAIC_NO.',NULL,'',NULL,NULL,NULL,NULL,'2021-09-07 00:57:47.547','2022-12-16 22:14:00.319',NULL,NULL,NULL,NULL,NULL,NULL,NULL,NULL,NULL,true),
	 (84,'205','tzh','DSA9999',NULL,'',NULL,NULL,NULL,NULL,'2020-09-30 18:00:01.483','2022-12-16 22:14:00.321',NULL,NULL,NULL,NULL,NULL,NULL,NULL,NULL,NULL,true),
	 (85,'221','nxf','DSA0001',NULL,'',NULL,NULL,NULL,NULL,'2021-11-10 00:22:30.611','2022-12-16 22:14:00.324',NULL,NULL,NULL,NULL,NULL,NULL,NULL,NULL,NULL,true),
	 (86,'222','llw','DSA9090',NULL,'',NULL,NULL,NULL,NULL,'2021-12-02 01:42:58.119','2022-12-16 22:14:00.326',NULL,NULL,NULL,NULL,NULL,NULL,NULL,NULL,NULL,true),
	 (87,'223','test02','TEST001','keystore_password','test02@dsa.com',NULL,NULL,NULL,NULL,'2021-12-29 00:27:59.136','2022-12-16 22:14:00.328',NULL,NULL,NULL,NULL,NULL,NULL,NULL,NULL,NULL,true);
INSERT INTO public.d_workshop_user (id,thirdpart_id,username,workshop_id,real_name,email,mobile,"password",last_login_time,last_login_ip,created_at,updated_at,address,max_license_number,save_license_id_as_bytes,telephone,b_limit_license_number,license_expire_duration,group_ref,license_id,license_hex_id,active) VALUES
	 (89,'2','haj','DSA8080',NULL,'',NULL,NULL,'2022-06-06 18:42:33.228',NULL,'2019-01-10 01:45:23.617','2022-12-16 22:14:00.316',NULL,NULL,NULL,NULL,NULL,NULL,NULL,NULL,NULL,true),
	 (50,'5','yji','DSA9090','yji','',NULL,NULL,'2022-09-23 15:58:30.17',NULL,'2019-01-31 17:58:28.321','2022-12-16 22:14:00.364',NULL,NULL,NULL,NULL,NULL,NULL,NULL,NULL,NULL,true);

INSERT INTO public.d_workshop_user_group (id,parent_id,display_name,"name",description,ordered,created_at,updated_at) VALUES
	 (2,0,'Test','cce47831-de70-4f05-8b84-48655b9740c2',NULL,0,'2022-12-07 11:19:53.135','2022-12-16 22:14:00.373'),
	 (3,0,'Aftersales','f2242edc-f03a-4332-824f-1af29b5a9fa0',NULL,1,'2022-12-07 11:19:53.139','2022-12-16 22:14:00.376'),
	 (5,3,'S4','3832803c-a98b-4fb8-977e-ba1a5367c6c8',NULL,5,'2022-12-07 11:19:53.143','2022-12-16 22:14:00.38'),
	 (6,3,'China','3d570834-ad05-482c-8132-0b833802fb78',NULL,4,'2022-12-07 11:19:53.145','2022-12-16 22:14:00.382'),
	 (7,3,'USA','fce64e53-0f44-43b8-b2ea-b8b63c116f88',NULL,3,'2022-12-07 11:19:53.147','2022-12-16 22:14:00.384'),
	 (8,3,'EAL','c1834a34-78b0-4ef7-80b0-2303b092d9fc',NULL,2,'2022-12-07 11:19:53.149','2022-12-16 22:14:00.386'),
	 (9,3,'EDA','50ab68b6-ace1-4daf-a986-7c20faa873a0',NULL,1,'2022-12-07 11:19:53.15','2022-12-16 22:14:00.388'),
	 (10,3,'VP','6c859d28-5eff-4ef0-9078-783d6a28ffa1',NULL,0,'2022-12-07 11:19:53.152','2022-12-16 22:14:00.389'),
	 (11,0,'AiWays','24bc9908-42e0-4453-bec4-ba9c460019a3',NULL,3,'2022-12-07 11:19:53.153','2022-12-16 22:14:00.391'),
	 (12,10,'China','076f6ef2-ef73-4302-bc3c-0116d9d35b7e',NULL,0,'2022-12-07 11:19:53.154','2022-12-16 22:14:00.393');
INSERT INTO public.d_workshop_user_group (id,parent_id,display_name,"name",description,ordered,created_at,updated_at) VALUES
	 (13,2,'Test1','a16bab58-ef23-40d0-86f2-f9932102056e',NULL,4,'2022-12-07 11:19:53.156','2022-12-16 22:14:00.394'),
	 (4,2,'DSA','6c65a9df-807e-4c12-83b4-b9696c39475b',NULL,2,'2022-12-07 11:19:53.141','2022-12-16 22:14:00.378');


INSERT INTO public.d_workshop_user_groups (id,group_id,group_name,user_id,username,created_at,updated_at) VALUES
	 (2,3,'f2242edc-f03a-4332-824f-1af29b5a9fa0',1,'hr','2022-12-07 11:19:52.819','2022-12-16 22:14:00.104'),
	 (3,3,'f2242edc-f03a-4332-824f-1af29b5a9fa0',2,'tn','2022-12-07 11:19:52.836','2022-12-16 22:14:00.114'),
	 (4,3,'f2242edc-f03a-4332-824f-1af29b5a9fa0',3,'s53','2022-12-07 11:19:52.841','2022-12-16 22:14:00.118'),
	 (5,3,'f2242edc-f03a-4332-824f-1af29b5a9fa0',6,'hh','2022-12-07 11:19:52.851','2022-12-16 22:14:00.126'),
	 (6,3,'f2242edc-f03a-4332-824f-1af29b5a9fa0',7,'lz','2022-12-07 11:19:52.854','2022-12-16 22:14:00.129'),
	 (7,3,'f2242edc-f03a-4332-824f-1af29b5a9fa0',8,'s75','2022-12-07 11:19:52.86','2022-12-16 22:14:00.135'),
	 (8,3,'f2242edc-f03a-4332-824f-1af29b5a9fa0',12,'om','2022-12-07 11:19:52.907','2022-12-16 22:14:00.17'),
	 (9,3,'f2242edc-f03a-4332-824f-1af29b5a9fa0',13,'fs','2022-12-07 11:19:52.916','2022-12-16 22:14:00.175'),
	 (10,3,'f2242edc-f03a-4332-824f-1af29b5a9fa0',31,'ng','2022-12-07 11:19:52.987','2022-12-16 22:14:00.228'),
	 (11,4,'6c65a9df-807e-4c12-83b4-b9696c39475b',2,'tn','2022-12-07 11:19:52.837','2022-12-16 22:14:00.115');
INSERT INTO public.d_workshop_user_groups (id,group_id,group_name,user_id,username,created_at,updated_at) VALUES
	 (12,4,'6c65a9df-807e-4c12-83b4-b9696c39475b',9,'sst','2022-12-07 11:19:52.872','2022-12-16 22:14:00.147'),
	 (13,4,'6c65a9df-807e-4c12-83b4-b9696c39475b',11,'dk','2022-12-07 11:19:52.892','2022-12-16 22:14:00.161'),
	 (14,4,'6c65a9df-807e-4c12-83b4-b9696c39475b',20,'s64','2022-12-07 11:19:52.946','2022-12-16 22:14:00.194'),
	 (15,5,'3832803c-a98b-4fb8-977e-ba1a5367c6c8',2,'tn','2022-12-07 11:19:52.825','2022-12-16 22:14:00.106'),
	 (16,5,'3832803c-a98b-4fb8-977e-ba1a5367c6c8',8,'s75','2022-12-07 11:19:52.858','2022-12-16 22:14:00.133'),
	 (17,5,'3832803c-a98b-4fb8-977e-ba1a5367c6c8',9,'sst','2022-12-07 11:19:52.865','2022-12-16 22:14:00.139'),
	 (18,5,'3832803c-a98b-4fb8-977e-ba1a5367c6c8',11,'dk','2022-12-07 11:19:52.883','2022-12-16 22:14:00.155'),
	 (19,5,'3832803c-a98b-4fb8-977e-ba1a5367c6c8',20,'s64','2022-12-07 11:19:52.954','2022-12-16 22:14:00.2'),
	 (20,6,'3d570834-ad05-482c-8132-0b833802fb78',39,'Test_User','2022-12-07 11:19:53.024','2022-12-16 22:14:00.256'),
	 (21,6,'3d570834-ad05-482c-8132-0b833802fb78',41,'GAC1','2022-12-07 11:19:53.028','2022-12-16 22:14:00.262');
INSERT INTO public.d_workshop_user_groups (id,group_id,group_name,user_id,username,created_at,updated_at) VALUES
	 (22,6,'3d570834-ad05-482c-8132-0b833802fb78',87,'wdy1','2022-12-16 13:56:00.304','2022-12-16 22:14:00.284'),
	 (24,6,'3d570834-ad05-482c-8132-0b833802fb78',48,'wdy','2022-12-07 11:19:53.052','2022-12-07 18:43:59.532'),
	 (25,2,'cce47831-de70-4f05-8b84-48655b9740c2',2,'tn','2022-12-07 11:19:52.835','2022-12-16 22:14:00.113'),
	 (26,2,'cce47831-de70-4f05-8b84-48655b9740c2',9,'sst','2022-12-07 11:19:52.873','2022-12-16 22:14:00.148'),
	 (27,2,'cce47831-de70-4f05-8b84-48655b9740c2',11,'dk','2022-12-07 11:19:52.901','2022-12-16 22:14:00.162'),
	 (28,2,'cce47831-de70-4f05-8b84-48655b9740c2',17,'mi','2022-12-07 11:19:52.935','2022-12-16 22:14:00.186'),
	 (29,2,'cce47831-de70-4f05-8b84-48655b9740c2',20,'s64','2022-12-07 11:19:52.949','2022-12-16 22:14:00.196'),
	 (30,2,'cce47831-de70-4f05-8b84-48655b9740c2',36,'dsatest','2022-12-07 11:19:53.011','2022-12-16 22:14:00.246'),
	 (31,2,'cce47831-de70-4f05-8b84-48655b9740c2',58,'dsa','2022-12-07 11:19:53.077','2022-12-16 22:14:00.304'),
	 (32,3,'f2242edc-f03a-4332-824f-1af29b5a9fa0',9,'sst','2022-12-07 11:19:52.875','2022-12-16 22:14:00.149');
INSERT INTO public.d_workshop_user_groups (id,group_id,group_name,user_id,username,created_at,updated_at) VALUES
	 (33,3,'f2242edc-f03a-4332-824f-1af29b5a9fa0',10,'mc','2022-12-07 11:19:52.878','2022-12-16 22:14:00.152'),
	 (34,3,'f2242edc-f03a-4332-824f-1af29b5a9fa0',11,'dk','2022-12-07 11:19:52.903','2022-12-16 22:14:00.164'),
	 (35,3,'f2242edc-f03a-4332-824f-1af29b5a9fa0',16,'vb','2022-12-07 11:19:52.928','2022-12-16 22:14:00.183'),
	 (36,3,'f2242edc-f03a-4332-824f-1af29b5a9fa0',17,'mi','2022-12-07 11:19:52.937','2022-12-16 22:14:00.188'),
	 (37,3,'f2242edc-f03a-4332-824f-1af29b5a9fa0',20,'s64','2022-12-07 11:19:52.948','2022-12-16 22:14:00.195'),
	 (38,3,'f2242edc-f03a-4332-824f-1af29b5a9fa0',23,'jsl','2022-12-07 11:19:52.964','2022-12-16 22:14:00.207'),
	 (39,3,'f2242edc-f03a-4332-824f-1af29b5a9fa0',26,'mmu','2022-12-07 11:19:52.97','2022-12-16 22:14:00.213'),
	 (40,3,'f2242edc-f03a-4332-824f-1af29b5a9fa0',27,'si','2022-12-07 11:19:52.977','2022-12-16 22:14:00.218'),
	 (41,3,'f2242edc-f03a-4332-824f-1af29b5a9fa0',30,'liuying','2022-12-07 11:19:52.984','2022-12-16 22:14:00.225'),
	 (42,4,'6c65a9df-807e-4c12-83b4-b9696c39475b',46,'gji','2022-12-07 11:19:53.045','2022-12-16 22:14:00.279');
INSERT INTO public.d_workshop_user_groups (id,group_id,group_name,user_id,username,created_at,updated_at) VALUES
	 (44,3,'f2242edc-f03a-4332-824f-1af29b5a9fa0',32,'rkirklin','2022-12-07 11:19:52.99','2022-12-16 22:14:00.232'),
	 (45,3,'f2242edc-f03a-4332-824f-1af29b5a9fa0',33,'we','2022-12-07 11:19:52.994','2022-12-16 22:14:00.237'),
	 (46,3,'f2242edc-f03a-4332-824f-1af29b5a9fa0',42,'ds','2022-12-07 11:19:53.033','2022-12-16 22:14:00.265'),
	 (47,3,'f2242edc-f03a-4332-824f-1af29b5a9fa0',52,'we2','2022-12-07 11:19:53.068','2022-12-16 22:14:00.292'),
	 (48,3,'f2242edc-f03a-4332-824f-1af29b5a9fa0',60,'cb','2022-12-07 11:19:53.082','2022-12-16 22:14:00.308'),
	 (50,6,'3d570834-ad05-482c-8132-0b833802fb78',2,'tn','2022-12-07 11:19:52.826','2022-12-16 22:14:00.108'),
	 (51,6,'3d570834-ad05-482c-8132-0b833802fb78',9,'sst','2022-12-07 11:19:52.866','2022-12-16 22:14:00.14'),
	 (52,6,'3d570834-ad05-482c-8132-0b833802fb78',11,'dk','2022-12-07 11:19:52.885','2022-12-16 22:14:00.156'),
	 (53,6,'3d570834-ad05-482c-8132-0b833802fb78',24,'sc','2022-12-07 11:19:52.967','2022-12-16 22:14:00.209'),
	 (54,6,'3d570834-ad05-482c-8132-0b833802fb78',34,'zji','2022-12-07 11:19:53.005','2022-12-16 22:14:00.241');
INSERT INTO public.d_workshop_user_groups (id,group_id,group_name,user_id,username,created_at,updated_at) VALUES
	 (55,6,'3d570834-ad05-482c-8132-0b833802fb78',37,'GAC2','2022-12-07 11:19:53.016','2022-12-16 22:14:00.25'),
	 (56,6,'3d570834-ad05-482c-8132-0b833802fb78',38,'GAC3','2022-12-07 11:19:53.02','2022-12-16 22:14:00.253'),
	 (57,6,'3d570834-ad05-482c-8132-0b833802fb78',63,'haj','2022-12-07 11:19:53.09','2022-12-16 22:14:00.318'),
	 (58,7,'fce64e53-0f44-43b8-b2ea-b8b63c116f88',2,'tn','2022-12-07 11:19:52.828','2022-12-16 22:14:00.109'),
	 (59,7,'fce64e53-0f44-43b8-b2ea-b8b63c116f88',9,'sst','2022-12-07 11:19:52.867','2022-12-16 22:14:00.141'),
	 (60,7,'fce64e53-0f44-43b8-b2ea-b8b63c116f88',11,'dk','2022-12-07 11:19:52.886','2022-12-16 22:14:00.157'),
	 (61,7,'fce64e53-0f44-43b8-b2ea-b8b63c116f88',52,'we2','2022-12-07 11:19:53.067','2022-12-16 22:14:00.291'),
	 (62,8,'c1834a34-78b0-4ef7-80b0-2303b092d9fc',2,'tn','2022-12-07 11:19:52.829','2022-12-16 22:14:00.11'),
	 (63,8,'c1834a34-78b0-4ef7-80b0-2303b092d9fc',9,'sst','2022-12-07 11:19:52.869','2022-12-16 22:14:00.143'),
	 (64,8,'c1834a34-78b0-4ef7-80b0-2303b092d9fc',11,'dk','2022-12-07 11:19:52.888','2022-12-16 22:14:00.158');
INSERT INTO public.d_workshop_user_groups (id,group_id,group_name,user_id,username,created_at,updated_at) VALUES
	 (65,8,'c1834a34-78b0-4ef7-80b0-2303b092d9fc',20,'s64','2022-12-07 11:19:52.951','2022-12-16 22:14:00.197'),
	 (66,9,'50ab68b6-ace1-4daf-a986-7c20faa873a0',2,'tn','2022-12-07 11:19:52.831','2022-12-16 22:14:00.111'),
	 (67,9,'50ab68b6-ace1-4daf-a986-7c20faa873a0',8,'s75','2022-12-07 11:19:52.859','2022-12-16 22:14:00.134'),
	 (68,9,'50ab68b6-ace1-4daf-a986-7c20faa873a0',9,'sst','2022-12-07 11:19:52.871','2022-12-16 22:14:00.145'),
	 (69,9,'50ab68b6-ace1-4daf-a986-7c20faa873a0',11,'dk','2022-12-07 11:19:52.889','2022-12-16 22:14:00.159'),
	 (70,9,'50ab68b6-ace1-4daf-a986-7c20faa873a0',20,'s64','2022-12-07 11:19:52.952','2022-12-16 22:14:00.198'),
	 (71,10,'6c859d28-5eff-4ef0-9078-783d6a28ffa1',2,'tn','2022-12-07 11:19:52.832','2022-12-16 22:14:00.112'),
	 (72,10,'6c859d28-5eff-4ef0-9078-783d6a28ffa1',9,'sst','2022-12-07 11:19:52.87','2022-12-16 22:14:00.144'),
	 (73,10,'6c859d28-5eff-4ef0-9078-783d6a28ffa1',11,'dk','2022-12-07 11:19:52.89','2022-12-16 22:14:00.16'),
	 (74,10,'6c859d28-5eff-4ef0-9078-783d6a28ffa1',12,'om','2022-12-07 11:19:52.91','2022-12-16 22:14:00.172');
INSERT INTO public.d_workshop_user_groups (id,group_id,group_name,user_id,username,created_at,updated_at) VALUES
	 (75,10,'6c859d28-5eff-4ef0-9078-783d6a28ffa1',14,'dm','2022-12-07 11:19:52.92','2022-12-16 22:14:00.178'),
	 (76,10,'6c859d28-5eff-4ef0-9078-783d6a28ffa1',20,'s64','2022-12-07 11:19:52.953','2022-12-16 22:14:00.199'),
	 (77,10,'6c859d28-5eff-4ef0-9078-783d6a28ffa1',27,'si','2022-12-07 11:19:52.975','2022-12-16 22:14:00.216'),
	 (78,10,'6c859d28-5eff-4ef0-9078-783d6a28ffa1',29,'le','2022-12-07 11:19:52.981','2022-12-16 22:14:00.222'),
	 (79,10,'6c859d28-5eff-4ef0-9078-783d6a28ffa1',33,'we','2022-12-07 11:19:52.992','2022-12-16 22:14:00.235'),
	 (80,11,'24bc9908-42e0-4453-bec4-ba9c460019a3',43,'HuangPu','2022-12-07 11:19:53.038','2022-12-16 22:14:00.269'),
	 (81,12,'076f6ef2-ef73-4302-bc3c-0116d9d35b7e',43,'HuangPu','2022-12-07 11:19:53.037','2022-12-16 22:14:00.268'),
	 (82,12,'076f6ef2-ef73-4302-bc3c-0116d9d35b7e',45,'sdm','2022-12-07 11:19:53.042','2022-12-16 22:14:00.276');

